{
  "data": [
    {
      "pName": "BEN NEVIS Mens Watches",
      "price": "1000",
      "category": "mens",
      "image": "https://encrypted-tbn0.gstatic.com/images?q=tbn:ANd9GcQImHGHP59K-XwP507ezONBUGNDpdLNBt_dbA&s",
      "id": "c989"
    },
    {
      "pName": "ksjfs",
      "price": "2000",
      "category": "women",
      "image": "https://images.unsplash.com/photo-1523275335684-37898b6baf30?fm=jpg&q=60&w=3000&ixlib=rb-4.0.3&ixid=M3wxMjA3fDB8MHxzZWFyY2h8Mnx8cHJvZHVjdHxlbnwwfHwwfHx8MA%3D%3D",
      "id": "92fb"
    },
    {
      "id": "1abf",
      "pName": "Kids Digital Watch",
      "price": "200",
      "category": "mens",
      "image": "https://m.media-amazon.com/images/I/61sbfAH3gAL._AC_UY350_.jpg"
    }
  ]
}